date,#,filename,path,type,CWT,FIR,LabView ver,Py_version,project,hard_exclude,mouse_id,patch_site,best_frequency,tuning,tuning_from,need_checking,intrinsic_check,tuning_check,final_inclusion,fs_neuron
20210305,4,20210305_004,E:\in-vivo_patch\20210305/20210305_004_2021_03_05_10_48_37.tdms,Pure Tones,no,20170417,1,1,test,exclude,,,,,,,,,,
20210305,5,20210305_005,E:\in-vivo_patch\20210305/20210305_005_2021_03_05_13_01_03.tdms,Pure Tones,no,20170417,1,1,test,exclude,,,,,,,,,,
20210308,1,20210308_001,E:\in-vivo_patch\20210308/20210308_001_2021_03_08_11_11_01.tdms,Pure Tones,no,20170417,1,1,test,exclude,,,,,,,,,,
20210308,2,20210308_002,E:\in-vivo_patch\20210308/20210308_002_2021_03_08_11_14_39.tdms,Pure Tones,no,20170417,1,1,test,exclude,,,,,,,,,,
20210308,3,20210308_003,E:\in-vivo_patch\20210308/20210308_003_2021_03_08_11_16_27.tdms,Pure Tones,no,20170417,1,1,test,exclude,,,,,,,,,,
20210329,3,20210329_003,E:\in-vivo_patch\20210329/20210329_003_2021_03_29_12_38_52.tdms,Pure Tones,no,20170417,1,1,test,exclude,,,,,,,,,,
20210329,4,20210329_004,E:\in-vivo_patch\20210329/20210329_004_2021_03_29_12_41_12.tdms,Pure Tones,no,20170417,1,1,test,exclude,,,,,,,,,,
20210329,5,20210329_005,E:\in-vivo_patch\20210329/20210329_005_2021_03_29_12_43_43.tdms,SAM,no,20170417,1,1,test,,,,,,,,,,,
20210329,6,20210329_006,E:\in-vivo_patch\20210329/20210329_006_2021_03_29_12_46_22.tdms,Pure Tones,no,20170417,1,1,test,exclude,,,,,,,,,,
20210401,1,20210401_001,E:\in-vivo_patch\20210401/20210401_001_2021_04_01_11_02_21.tdms,Pure Tones,no,20170417,1,1,test,exclude,,,,,,,,,,
20210401,2,20210401_002,E:\in-vivo_patch\20210401/20210401_002_2021_04_01_11_05_44.tdms,SAM,no,20170417,1,1,test,,,,,,,,,,,
20210401,3,20210401_003,E:\in-vivo_patch\20210401/20210401_003_2021_04_01_11_08_52.tdms,SAM,no,20170417,1,1,test,,,,,,,,,,,
20210401,4,20210401_004,E:\in-vivo_patch\20210401/20210401_004_2021_04_01_11_12_20.tdms,Pure Tones,no,20170417,1,1,test,exclude,,,,,,,,,,
20210401,5,20210401_005,E:\in-vivo_patch\20210401/20210401_005_2021_04_01_11_14_32.tdms,Pure Tones,no,20170417,1,1,test,exclude,,,,,,,,,,
20210401,6,20210401_006,E:\in-vivo_patch\20210401/20210401_006_2021_04_01_11_22_09.tdms,Double Tones,no,20170417,1,1,test,,,,,,,,,,,
20210401,7,20210401_007,E:\in-vivo_patch\20210401/20210401_007_2021_04_01_11_31_36.tdms,Pure Tones,no,20170417,1,1,test,exclude,,,,,,,,,,
20210401,8,20210401_008,E:\in-vivo_patch\20210401/20210401_008_2021_04_01_11_36_04.tdms,Pure Tones,no,20170417,1,1,test,exclude,,,,,,,,,,
20210407,1,20210407_001,E:\in-vivo_patch\20210407/20210407_001_2021_04_07_12_53_58.tdms,Pure Tones,no,20170417,1,1,test,exclude,,,,,,,,,,
20210407,2,20210407_002,E:\in-vivo_patch\20210407/20210407_002_2021_04_07_13_02_53.tdms,Pure Tones,no,20170417,1,1,test,exclude,,,,,,,,,,
20210407,3,20210407_003,E:\in-vivo_patch\20210407/20210407_003_2021_04_07_13_16_40.tdms,SAM,no,20170417,1,1,test,,,,,,,,,,,
20210504,3,20210504_003,E:\in-vivo_patch\20210504/20210504_003_2021_05_04_13_55_45.tdms,Log sFM,no,20210416,1.1,1,test,exclude,,,,,,,,,,
20210513,2,20210513_002,E:\in-vivo_patch\20210513/20210513_002_2021_05_13_11_54_34.tdms,Log sFM,no,20210416,1.1,1,test,exclude,,,,,,,,,,
20210513,3,20210513_003,E:\in-vivo_patch\20210513/20210513_003_2021_05_13_12_14_57.tdms,Pure Tones,no,20210416,1.1,1,test,exclude,,,,,,,,,,
20210611,2,20210611_002,E:\in-vivo_patch\20210611/20210611_002_2021_06_11_13_50_55.tdms,Log sFM,no,20210528,1.1,1,Ic,,,,,,,,,,,
20210614,1,20210614_001,E:\in-vivo_patch\20210614/20210614_001_2021_06_14_16_03_12.tdms,Log sFM,no,20210611,1.1,1,Ic,,,,,,,,,,,
20210617,1,20210617_001,E:\in-vivo_patch\20210617/20210617_001_2021_06_17_16_07_23.tdms,Log sFM,no,20210611,1.1,1,Ic,,,,,,,,,,,
20210617,2,20210617_002,E:\in-vivo_patch\20210617/20210617_002_2021_06_17_16_24_17.tdms,Pure Tones,no,20210611,1.1,1,Ic,,,,,,,,,,,
20210617,3,20210617_003,E:\in-vivo_patch\20210617/20210617_003_2021_06_17_16_33_26.tdms,Log sFM,no,20210611,1.1,1,Ic,,,,,,,,,,,
20210622,1,20210622_001,E:\in-vivo_patch\20210622/20210622_001_2021_06_22_14_52_42.tdms,Log sFM,no,20210611,1.1,1,Ic,,,,,,,,,,,
20210622,2,20210622_002,E:\in-vivo_patch\20210622/20210622_002_2021_06_22_15_09_32.tdms,Pure Tones,no,20210611,1.1,1,Ic,,,,,,,,,,,
20210622,3,20210622_003,E:\in-vivo_patch\20210622/20210622_003_2021_06_22_15_14_41.tdms,Log sFM,no,20210611,1.1,1,Ic,,,,,,,,,,,
20210622,4,20210622_004,E:\in-vivo_patch\20210622/20210622_004_2021_06_22_15_32_43.tdms,Pure Tones,no,20210611,1.1,1,Ic,,,,,,,,,,,
20210716,1,20210716_001,E:\in-vivo_patch\20210716/20210716_001_2021_07_16_14_21_46.tdms,Log sFM,no,20210709,1.1,1,Ic,exclude,,,,,,,,,,
20210729,1,20210729_001,E:\in-vivo_patch\20210729/20210729_001_2021_07_29_11_11_37.tdms,Log sFM,no,20210727,1.1,1,Ic,exclude,,,,,,,,,,
20210730,1,20210730_001,E:\in-vivo_patch\20210730/20210730_001_2021_07_30_13_47_25.tdms,Pure Tones,no,20210727,1.1,1,Ic,,,,,,,,,,,
20210730,2,20210730_002,E:\in-vivo_patch\20210730/20210730_002_2021_07_30_13_53_09.tdms,Log sFM,no,20210727,1.1,1,Ic,,,,,,,,,,,
20210730,3,20210730_003,E:\in-vivo_patch\20210730/20210730_003_2021_07_30_14_10_37.tdms,Pure Tones,no,20210727,1.1,1,Ic,,,,,,,,,,,
20210730,4,20210730_004,E:\in-vivo_patch\20210730/20210730_004_2021_07_30_14_17_03.tdms,Log sFM,no,20210727,1.1,1,Ic,,,,,,,,,,,
20210804,1,20210804_001,E:\in-vivo_patch\20210804/20210804_001_2021_08_04_14_41_00.tdms,Pure Tones,no,20210727,1.1,1,Ic,exclude,,,,,,,,,,
20210805,1,20210805_001,E:\in-vivo_patch\20210805/20210805_001_2021_08_05_12_41_04.tdms,Pure Tones,no,20210727,1.1,1,Ic,exclude,,,,,,,,,,
20210805,2,20210805_002,E:\in-vivo_patch\20210805/20210805_002_2021_08_05_12_56_10.tdms,Log sFM,no,20210727,1.1,1,Ic,exclude,,,,,,,,,,
20210806,1,20210806_001,E:\in-vivo_patch\20210806/20210806_001_2021_08_06_10_43_50.tdms,Pure Tones,no,20210727,1.1,1,Ic,exclude,,,,,,,,,,
20210806,2,20210806_002,E:\in-vivo_patch\20210806/20210806_002_2021_08_06_10_48_50.tdms,Log sFM,no,20210727,1.1,1,Ic,exclude,,,,,,,,,,
20210809,1,20210809_001,E:\in-vivo_patch\20210809/20210809_001_2021_08_09_11_36_06.tdms,Pure Tones,no,20210727,1.1,1,Ic,exclude,,,,,,,,,,
20210809,2,20210809_002,E:\in-vivo_patch\20210809/20210809_002_2021_08_09_11_56_13.tdms,Pure Tones,no,20210727,1.1,1,Ic,,,,,,,,,,,
20210809,3,20210809_003,E:\in-vivo_patch\20210809/20210809_003_2021_08_09_12_01_14.tdms,Log sFM,no,20210727,1.1,1,Ic,exclude,,,,,,,,,,
20210811,1,20210811_001,E:\in-vivo_patch\20210811/20210811_001_2021_08_11_11_05_14.tdms,Pure Tones,no,20210727,1.1,1,Ic,,,,,,,,,,,
20210812,1,20210812_001,E:\in-vivo_patch\20210812/20210812_001_2021_08_12_11_31_55.tdms,Pure Tones,no,20210727,1.1,1,Ic,exclude,,,,,,,,,,
20210812,2,20210812_002,E:\in-vivo_patch\20210812/20210812_002_2021_08_12_12_36_30.tdms,Pure Tones,no,20210727,1.1,1,Ic,exclude,,,,,,,,,,
20210812,3,20210812_003,E:\in-vivo_patch\20210812/20210812_003_2021_08_12_12_41_26.tdms,Log sFM,no,20210727,1.1,1,Ic,,,,,,,,,,,
20210812,4,20210812_004,E:\in-vivo_patch\20210812/20210812_004_2021_08_12_12_58_23.tdms,Pure Tones,no,20210727,1.1,1,Ic,exclude,,,,,,,,,,
20210812,5,20210812_005,E:\in-vivo_patch\20210812/20210812_005_2021_08_12_13_04_08.tdms,SAM,no,20210727,1.1,1,Ic,,,,,,,,,,,
20211018,1,20211018_001,E:\in-vivo_patch\20211018/20211018_001_2021_10_18_11_52_22.tdms,Pure Tones,no,20211012,1.1,2,Ic,exclude,,,,,,,,,,
20211027,1,20211027_001,E:\in-vivo_patch\20211027/20211027_001_.tdms,Pure Tones,no,20211012,1.1,2,Ic,exclude,,,,,,,,,,
20211027,2,20211027_002,E:\in-vivo_patch\20211027/20211027_002_.tdms,Log sFM,no,20211012,1.1,2,Ic,exclude,,,,,,,,,,
20211027,3,20211027_003,E:\in-vivo_patch\20211027/20211027_003_.tdms,Pure Tones,no,20211012,1.1,2,Ic,exclude,,,,,,,,,,
20211027,4,20211027_004,E:\in-vivo_patch\20211027/20211027_004_.tdms,Log sFM,no,20211012,1.1,2,Ic,exclude,,,,,,,,,,
20211028,1,20211028_001,E:\in-vivo_patch\20211028/20211028_001_.tdms,Pure Tones,no,20211012,1.1,2,Ic,exclude,,,,,,,,,,
20211028,2,20211028_002,E:\in-vivo_patch\20211028/20211028_002_.tdms,Log sFM,no,20211012,1.1,2,Ic,exclude,,,,,,,,,,
20220211,1,20220211_001,E:\in-vivo_patch\20220211/20220211_001_.tdms,Log sFM,no,20220126,1.1,2,Ic,exclude,,,,,,,,,,
20220216,1,20220216_001,E:\in-vivo_patch\20220216/20220216_001_.tdms,Log sFM,no,20220215,1.1,2,Ic,,,,,,,,,,,
20220216,2,20220216_002,E:\in-vivo_patch\20220216/20220216_002_.tdms,Pure Tones,no,20220215,1.1,2,Ic,,,,,,,,,,,
20220216,3,20220216_003,E:\in-vivo_patch\20220216/20220216_003_.tdms,Log sFM,no,20220215,1.1,2,Ic,,,,,,,,,,,
20220216,4,20220216_004,E:\in-vivo_patch\20220216/20220216_004_.tdms,Log sFM,no,20220215,1.1,2,Ic,,,,,,,,,,,
20220304,1,20220304_001,E:\in-vivo_patch\20220304/20220304_001_.tdms,Pure Tones,no,20220215,1.1,2,Ic,exclude,,,,,,,,,,
20220304,2,20220304_002,E:\in-vivo_patch\20220304/20220304_002_.tdms,Log sFM,no,20220215,1.1,2,Ic,exclude,,,,,,,,,,
20220304,3,20220304_003,E:\in-vivo_patch\20220304/20220304_003_.tdms,Pure Tones,no,20220215,1.1,2,Ic,exclude,,,,,,,,,,
20220304,4,20220304_004,E:\in-vivo_patch\20220304/20220304_004_.tdms,Log sFM,no,20220215,1.1,2,Ic,exclude,,,,,,,,,,
20220512,1,20220512_001,E:\in-vivo_patch\20220512/20220512_001_.tdms,Pure Tones,no,20220419,1.1,2,Ic,exclude,,,,,,,,,,
20220527,1,20220527_001,E:\in-vivo_patch\20220527/20220527_001_.tdms,Pure Tones,no,20220419,1.1,2,Ic,exclude,,,,,,,,,,
20220527,2,20220527_002,E:\in-vivo_patch\20220527/20220527_002_.tdms,Log sFM,no,20220419,1.1,2,Ic,exclude,,,,,,,,,,
20220527,3,20220527_003,E:\in-vivo_patch\20220527/20220527_003_.tdms,Log sFM,no,20220419,1.1,2,Ic,,,,,,,,,,,
20220527,4,20220527_004,E:\in-vivo_patch\20220527/20220527_004_.tdms,Pure Tones,no,20220419,1.1,2,Ic,,,,,,,,,,,
20220527,5,20220527_005,E:\in-vivo_patch\20220527/20220527_005_.tdms,Log sFM,no,20220419,1.1,2,Ic,,,,,,,,,,,
20220527,6,20220527_006,E:\in-vivo_patch\20220527/20220527_006_.tdms,Log sFM,no,20220419,1.1,2,Ic,,,,,,,,,,,
20220527,7,20220527_007,E:\in-vivo_patch\20220527/20220527_007_.tdms,Pure Tones,no,20220419,1.1,2,Ic,,,,,,,,,,,
20220527,8,20220527_008,E:\in-vivo_patch\20220527/20220527_008_.tdms,Log sFM,no,20220419,1.1,2,Ic,,,,,,,,,,,
20220616,1,20220616_001,E:\in-vivo_patch\20220616/20220616_001_.tdms,Pure Tones,no,20220419,1.1,2,Ic,,,,,,,,,,,
20220616,2,20220616_002,E:\in-vivo_patch\20220616/20220616_002_.tdms,Log sFM,no,20220419,1.1,2,Ic,,,,,,,,,,,
20220617,2,20220617_002,E:\in-vivo_patch\20220617/20220617_002_.tdms,Pure Tones,no,20220616,1.1,2,Ic,exclude,,,,,,,,,,
20220617,3,20220617_003,E:\in-vivo_patch\20220617/20220617_003_.tdms,Pure Tones,no,20220616,1.1,2,Ic,,,,,,,,,,,
20220617,4,20220617_004,E:\in-vivo_patch\20220617/20220617_004_.tdms,Log sFM,no,20220616,1.1,2,Ic,,,,,,,,,,,
20220617,5,20220617_005,E:\in-vivo_patch\20220617/20220617_005_.tdms,Log sFM,no,20220616,1.1,2,Ic,,,,,,,,,,,
20220805,1,20220805_001,E:\in-vivo_patch\20220805/20220805_001_.tdms,Pure Tones,no,20220616,1.5,3,Ic,,,,,,,,,,,
20220811,1,20220811_001,E:\in-vivo_patch\20220811/20220811_001_.tdms,Pure Tones,no,20220616,1.5,3,Ic,,,,,,,,,,,
20220826,1,20220826_001,E:\in-vivo_patch\20220826/20220826_001_.tdms,Pure Tones,no,20220825,1.5,3,Ic,,,,,,,,,,,
20220826,2,20220826_002,E:\in-vivo_patch\20220826/20220826_002_.tdms,Log sFM,no,20220825,1.5,3,Ic,,,,,,,,,,,
20220826,3,20220826_003,E:\in-vivo_patch\20220826/20220826_003_.tdms,Log sFM,no,20220825,1.5,3,Ic,,,,,,,,,,,
20220826,4,20220826_004,E:\in-vivo_patch\20220826/20220826_004_.tdms,Pure Tones,no,20220825,1.5,3,Ic,exclude,,,,,,,,,,
20220826,5,20220826_005,E:\in-vivo_patch\20220826/20220826_005_.tdms,Log sFM,no,20220825,1.5,3,Ic,exclude,,,,,,,,,,
20220914,2,20220914_002,E:\in-vivo_patch\20220914/20220914_002_.tdms,Pure Tones,no,20220825,1.5,3,Ic,,,,,,,,,,,
20220914,3,20220914_003,E:\in-vivo_patch\20220914/20220914_003_.tdms,Log sFM,no,20220825,1.5,3,Ic,,,,,,,,,,,
20220914,4,20220914_004,E:\in-vivo_patch\20220914/20220914_004_.tdms,Log sFM,no,20220825,1.5,3,Ic,,,,,,,,,,,
20220914,5,20220914_005,E:\in-vivo_patch\20220914/20220914_005_.tdms,Pure Tones,no,20220825,1.5,3,Ic,,,,,,,,,,,
20220914,6,20220914_006,E:\in-vivo_patch\20220914/20220914_006_.tdms,Log sFM,no,20220825,1.5,3,Ic,,,,,,,,,,,
20220914,7,20220914_007,E:\in-vivo_patch\20220914/20220914_007_.tdms,Pure Tones,no,20220825,1.5,3,Ic,,,,,,,,,,,
20220915,1,20220915_001,E:\in-vivo_patch\20220915/20220915_001_.tdms,Pure Tones,no,20220825,1.5,3,Ic,,,,,,,,,,,
20220915,2,20220915_002,E:\in-vivo_patch\20220915/20220915_002_.tdms,Log sFM,no,20220825,1.5,3,Ic,,,,,,,,,,,
20220915,3,20220915_003,E:\in-vivo_patch\20220915/20220915_003_.tdms,Log sFM,no,20220825,1.5,3,Ic,,,,,,,,,,,
20220915,4,20220915_004,E:\in-vivo_patch\20220915/20220915_004_.tdms,Pure Tones,no,20220825,1.5,3,Ic,,,,,,,,,,,
20221005,1,20221005_001,E:\in-vivo_patch\20221005/20221005_001_.tdms,Pure Tones,no,20220825,1.5,3,Ic,,,,,,,,,,,
20221005,2,20221005_002,E:\in-vivo_patch\20221005/20221005_002_.tdms,Log sFM,no,20220825,1.5,3,Ic,,,,,,,,,,,
20221024,1,20221024_001,E:\in-vivo_patch\20221024/20221024_001_.tdms,Pure Tones,no,20220825,1.5,3,Ic,,,,,,,,,,,
20221024,2,20221024_002,E:\in-vivo_patch\20221024/20221024_002_.tdms,Log sFM,no,20220825,1.5,3,Ic,,,,,,,,,,,
20221024,3,20221024_003,E:\in-vivo_patch\20221024/20221024_003_.tdms,Log sFM,no,20220825,1.5,3,Ic,,,,,,,,,,,
20221024,4,20221024_004,E:\in-vivo_patch\20221024/20221024_004_.tdms,Pure Tones,no,20220825,1.5,3,Ic,,,,,,,,,,,
20221024,5,20221024_005,E:\in-vivo_patch\20221024/20221024_005_.tdms,Log sFM,no,20220825,1.5,3,Ic,,,,,,,,,,,
20221024,6,20221024_006,E:\in-vivo_patch\20221024/20221024_006_.tdms,Log sFM,no,20220825,1.5,3,Ic,,,,,,,,,,,
20230303,1,20230303_001,E:\in-vivo_patch\20230303/20230303_001_.tdms,Pure Tones,no,20221026,1.6,3,Vc,,,,,,,,,,,
20230303,2,20230303_002,E:\in-vivo_patch\20230303/20230303_002_.tdms,Pure Tones,no,20221026,1.6,3,Vc,exclude,,,,,,,,,,
20230303,4,20230303_004,E:\in-vivo_patch\20230303/20230303_004_.tdms,Pure Tones,no,20221026,1.6,3,Vc,,,,,,,,,,,
20230303,5,20230303_005,E:\in-vivo_patch\20230303/20230303_005_.tdms,Pure Tones,no,20221026,1.6,3,Vc,,,,,,,,,,,
20230306,1,20230306_001,E:\in-vivo_patch\20230306/20230306_001_.tdms,Pure Tones,no,20221026,1.6,3,Vc,,,,,,,,,,,
20230306,2,20230306_002,E:\in-vivo_patch\20230306/20230306_002_.tdms,Pure Tones,no,20221026,1.6,3,Vc,,,,,,,,,,,
20230306,3,20230306_003,E:\in-vivo_patch\20230306/20230306_003_.tdms,Log sFM,no,20221026,1.6,3,Vc,,,,,,,,,,,
20230306,4,20230306_004,E:\in-vivo_patch\20230306/20230306_004_.tdms,Log sFM,no,20221026,1.6,3,Vc,,,,,,,,,,,
20230306,5,20230306_005,E:\in-vivo_patch\20230306/20230306_005_.tdms,Log sFM,no,20221026,1.6,3,Vc,,,,,,,,,,,
20230306,6,20230306_006,E:\in-vivo_patch\20230306/20230306_006_.tdms,Log sFM,no,20221026,1.6,3,Vc,,,,,,,,,,,
20230306,7,20230306_007,E:\in-vivo_patch\20230306/20230306_007_.tdms,Pure Tones,no,20221026,1.6,3,Vc,,,,,,,,,,,
20230306,8,20230306_008,E:\in-vivo_patch\20230306/20230306_008_.tdms,Pure Tones,no,20221026,1.6,3,Vc,,,,,,,,,,,
20230321,1,20230321_001,E:\in-vivo_patch\20230321/20230321_001_.tdms,Pure Tones,no,20230320,1.6,3,Vc,,,,,,,,,,,
20230321,2,20230321_002,E:\in-vivo_patch\20230321/20230321_002_.tdms,Pure Tones,no,20230320,1.6,3,Vc,exclude,,,,,,,,,,
20230328,1,20230328_001,E:\in-vivo_patch\20230328/20230328_001_.tdms,Pure Tones,no,20230320,1.6,3,Vc,,,,,,,,,,,
20230328,2,20230328_002,E:\in-vivo_patch\20230328/20230328_002_.tdms,Pure Tones,no,20230320,1.6,3,Vc,,,,,,,,,,,
20230328,3,20230328_003,E:\in-vivo_patch\20230328/20230328_003_.tdms,Log sFM,no,20230320,1.6,3,Vc,,,,,,,,,,,
20230328,4,20230328_004,E:\in-vivo_patch\20230328/20230328_004_.tdms,Log sFM,no,20230320,1.6,3,Vc,,,,,,,,,,,
20230328,5,20230328_005,E:\in-vivo_patch\20230328/20230328_005_.tdms,Pure Tones,no,20230320,1.6,3,Vc,,,,,,,,,,,
20230328,6,20230328_006,E:\in-vivo_patch\20230328/20230328_006_.tdms,Pure Tones,no,20230320,1.6,3,Vc,,,,,,,,,,,
20230328,7,20230328_007,E:\in-vivo_patch\20230328/20230328_007_.tdms,Log sFM,no,20230320,1.6,3,Vc,,,,,,,,,,,
20230328,8,20230328_008,E:\in-vivo_patch\20230328/20230328_008_.tdms,Log sFM,no,20230320,1.6,3,Vc,,,,,,,,,,,
20230410,1,20230410_001,E:\in-vivo_patch\20230410/20230410_001_.tdms,Pure Tones,no,20230320,1.6,3,Vc,,,,,,,,,,,
20230410,2,20230410_002,E:\in-vivo_patch\20230410/20230410_002_.tdms,Pure Tones,no,20230320,1.6,3,Vc,,,,,,,,,,,
20230410,3,20230410_003,E:\in-vivo_patch\20230410/20230410_003_.tdms,Log sFM,no,20230320,1.6,3,Vc,,,,,,,,,,,
20230410,4,20230410_004,E:\in-vivo_patch\20230410/20230410_004_.tdms,Log sFM,no,20230320,1.6,3,Vc,,,,,,,,,,,
20230412,1,20230412_001,E:\in-vivo_patch\20230412/20230412_001_.tdms,Pure Tones,no,20230320,1.6,3,Vc,exclude,,,,,,,,,,
20230412,2,20230412_002,E:\in-vivo_patch\20230412/20230412_002_.tdms,Pure Tones,no,20230320,1.6,3,Vc,exclude,,,,,,,,,,
20230412,3,20230412_003,E:\in-vivo_patch\20230412/20230412_003_.tdms,Pure Tones,no,20230320,1.6,3,Vc,exclude,,,,,,,,,,
20230417,1,20230417_001,E:\in-vivo_patch\20230417/20230417_001_.tdms,Pure Tones,no,20230320,1.6,3,Vc,,,,,,,,,,,
20230417,2,20230417_002,E:\in-vivo_patch\20230417/20230417_002_.tdms,Pure Tones,no,20230320,1.6,3,Vc,,,,,,,,,,,
20230417,3,20230417_003,E:\in-vivo_patch\20230417/20230417_003_.tdms,Log sFM,no,20230320,1.6,3,Vc,,,,,,,,,,,
20230417,4,20230417_004,E:\in-vivo_patch\20230417/20230417_004_.tdms,Log sFM,no,20230320,1.6,3,Vc,,,,,,,,,,,
20230428,1,20230428_001,E:\in-vivo_patch\20230428/20230428_001_.tdms,Pure Tones,no,20230320,1.6,3,Ic,,,,,,,,,,,
20230428,2,20230428_002,E:\in-vivo_patch\20230428/20230428_002_.tdms,Log sFM,no,20230320,1.6,3,Ic,,,,,,,,,,,
20230428,3,20230428_003,E:\in-vivo_patch\20230428/20230428_003_.tdms,Log sFM,no,20230320,1.6,3,Ic,,,,,,,,,,,
20230428,4,20230428_004,E:\in-vivo_patch\20230428/20230428_004_.tdms,Pure Tones,no,20230320,1.6,3,Ic,,,,,,,,,,,
20230428,5,20230428_005,E:\in-vivo_patch\20230428/20230428_005_.tdms,Log sFM,no,20230320,1.6,3,Ic,,,,,,,,,,,
20230428,6,20230428_006,E:\in-vivo_patch\20230428/20230428_006_.tdms,Pure Tones,no,20230320,1.6,3,Ic,exclude,,,,,,,,,,
20230607,1,20230607_001,E:\in-vivo_patch\20230607/20230607_001_.tdms,Pure Tones,no,20230320,1.6,3,Ic_map,,TG150,up,13680.58931,yes,,,,,yes,
20230607,2,20230607_002,E:\in-vivo_patch\20230607/20230607_002_.tdms,Log sFM,no,20230320,1.6,3,Ic_map,,TG150,up,13680.58931,,20230607_001,,,,yes,
20230607,3,20230607_003,E:\in-vivo_patch\20230607/20230607_003_.tdms,Log sFM,no,20230320,1.6,3,Ic_map,,TG150,up,13680.58931,,20230607_001,,,,,
20230607,4,20230607_004,E:\in-vivo_patch\20230607/20230607_004_.tdms,Pure Tones,no,20230320,1.6,3,Ic_map,,TG150,up,11794.02091,yes,,,,,yes,
20230607,5,20230607_005,E:\in-vivo_patch\20230607/20230607_005_.tdms,Log sFM,no,20230320,1.6,3,Ic_map,,TG150,up,11794.02091,,20230607_004,,,,yes,
20230607,6,20230607_006,E:\in-vivo_patch\20230607/20230607_006_.tdms,Log sFM,no,20230320,1.6,3,Ic_map,,TG150,up,11987.73298,yes,20230607_007,,,,yes,
20230607,7,20230607_007,E:\in-vivo_patch\20230607/20230607_007_.tdms,Pure Tones,no,20230320,1.6,3,Ic_map,,TG150,up,11987.73298,yes,,,,,yes,
20230607,8,20230607_008,E:\in-vivo_patch\20230607/20230607_008_.tdms,Pure Tones,no,20230320,1.6,3,Ic_map,,TG150,up,12856.3569,yes,,,,,yes,
20230607,9,20230607_009,E:\in-vivo_patch\20230607/20230607_009_.tdms,Log sFM,no,20230320,1.6,3,Ic_map,,TG150,up,12856.3569,yes,20230607_008,,,,yes,
20230607,10,20230607_010,E:\in-vivo_patch\20230607/20230607_010_.tdms,Log sFM,no,20230320,1.6,3,Ic_map,,TG150,up,12856.3569,yes,20230607_008,,,,,
20230607,11,20230607_011,E:\in-vivo_patch\20230607/20230607_011_.tdms,Pure Tones,no,20230320,1.6,3,Ic_map,,TG150,up,12211.41889,yes,,,,,yes,
20230607,12,20230607_012,E:\in-vivo_patch\20230607/20230607_012_.tdms,Log sFM,no,20230320,1.6,3,Ic_map,,TG150,up,12211.41889,yes,20230607_011,,,,yes,
20230607,13,20230607_013,E:\in-vivo_patch\20230607/20230607_013_.tdms,Pure Tones,no,20230320,1.6,3,Ic_map,,TG150,up,11393.89394,yes,,,,,yes,
20230607,14,20230607_014,E:\in-vivo_patch\20230607/20230607_014_.tdms,Log sFM,no,20230320,1.6,3,Ic_map,,TG150,up,11393.89394,yes,20230607_013,,,,yes,
20230620,1,20230620_001,E:\in-vivo_patch\20230620/20230620_001_.tdms,Pure Tones,no,20230320,1.6,3,Ic_map,,TG147,up,8837.014183,yes,,,,,yes,
20230620,2,20230620_002,E:\in-vivo_patch\20230620/20230620_002_.tdms,Log sFM,no,20230320,1.6,3,Ic_map,,TG147,up,8837.014183,yes,20230620_001,,,,yes,
20230620,3,20230620_003,E:\in-vivo_patch\20230620/20230620_003_.tdms,Log sFM,no,20230320,1.6,3,Ic_map,,TG147,up,8837.014183,yes,20230620_001,,,,,
20230620,4,20230620_004,E:\in-vivo_patch\20230620/20230620_004_.tdms,Pure Tones,no,20230320,1.6,3,Ic_map,,TG147,up,15607.8399,yes,,check tuning,,,yes,
20230620,5,20230620_005,E:\in-vivo_patch\20230620/20230620_005_.tdms,Log sFM,no,20230320,1.6,3,Ic_map,,TG147,up,15607.8399,yes,20230620_004,,,,yes,
20230620,6,20230620_006,E:\in-vivo_patch\20230620/20230620_006_.tdms,Log sFM,no,20230320,1.6,3,Ic_map,exclude,TG147,,15607.8399,no,,,,,,
20230620,7,20230620_007,E:\in-vivo_patch\20230620/20230620_007_.tdms,Pure Tones,no,20230320,1.6,3,Ic_map,,TG147,up,16217.20985,yes,,,,exclude,,
20230620,8,20230620_008,E:\in-vivo_patch\20230620/20230620_008_.tdms,Log sFM,no,20230320,1.6,3,Ic_map,,TG147,up,16217.20985,yes,20230620_007,,,exclude,,
20230620,9,20230620_009,E:\in-vivo_patch\20230620/20230620_009_.tdms,Pure Tones,no,20230320,1.6,3,Ic_map,,TG147,up,19128.54096,yes,,,flag,exclude,,
20230620,10,20230620_010,E:\in-vivo_patch\20230620/20230620_010_.tdms,Log sFM,no,20230320,1.6,3,Ic_map,,TG147,up,19128.54096,yes,20230620_009,,flag,exclude,,
20230620,11,20230620_011,E:\in-vivo_patch\20230620/20230620_011_.tdms,Log sFM,no,20230320,1.6,3,Ic_map,exclude,,,,,,,,,,
20230623,1,20230623_001,E:\in-vivo_patch\20230623/20230623_001_.tdms,Pure Tones,no,20230320,1.6,3,Ic_map,exclude,unknown,,,,,,,,,
20230623,2,20230623_002,E:\in-vivo_patch\20230623/20230623_002_.tdms,Log sFM,no,20230320,1.6,3,Ic_map,exclude,unknown,,,,,,,,,
20230628,1,20230628_001,E:\in-vivo_patch\20230628/20230628_001_.tdms,Pure Tones,no,20230320,1.6,3,Ic_map,exclude,TG145,,,,,,,,,
20230628,2,20230628_002,E:\in-vivo_patch\20230628/20230628_002_.tdms,Pure Tones,no,20230320,1.6,3,Ic_map,,TG145,up,8806.575268,yes,,,,,yes,
20230628,3,20230628_003,E:\in-vivo_patch\20230628/20230628_003_.tdms,Log sFM,no,20230320,1.6,3,Ic_map,exclude,TG145,,,,,,,,,
20230630,1,20230630_001,E:\in-vivo_patch\20230630/20230630_001_.tdms,Pure Tones,no,20230320,1.6,3,Ic_map,exclude,TG145,,,,,,,,,
20230630,2,20230630_002,E:\in-vivo_patch\20230630/20230630_002_.tdms,Pure Tones,no,20230320,1.6,3,Ic_map,,TG145,up,11842.81815,yes,,,,,yes,
20230630,3,20230630_003,E:\in-vivo_patch\20230630/20230630_003_.tdms,Log sFM,no,20230320,1.6,3,Ic_map,,TG145,up,11842.81815,,20230630_002,,,,yes,
20230630,4,20230630_004,E:\in-vivo_patch\20230630/20230630_004_.tdms,Log sFM,no,20230320,1.6,3,Ic_map,,TG145,up,11842.81815,,20230630_002,,,,,
20230630,5,20230630_005,E:\in-vivo_patch\20230630/20230630_005_.tdms,Pure Tones,no,20230320,1.6,3,Ic_map,exclude,TG145,,,,,,,,,
20230630,6,20230630_006,E:\in-vivo_patch\20230630/20230630_006_.tdms,Pure Tones,no,20230320,1.6,3,Ic_map,exclude,TG145,,,,,,,,,
20230630,7,20230630_007,E:\in-vivo_patch\20230630/20230630_007_.tdms,Pure Tones,no,20230320,1.6,3,Ic_map,,TG145,low,14122.90626,maybe,,,,,,
20230630,8,20230630_008,E:\in-vivo_patch\20230630/20230630_008_.tdms,Log sFM,no,20230320,1.6,3,Ic_map,,TG145,low,14122.90626,,20230630_007,,,,yes,yes
20230630,9,20230630_009,E:\in-vivo_patch\20230630/20230630_009_.tdms,Log sFM,no,20230320,1.6,3,Ic_map,,TG145,low,9890.748335,,20230630_010,,,,,
20230630,10,20230630_010,E:\in-vivo_patch\20230630/20230630_010_.tdms,Pure Tones,no,20230320,1.6,3,Ic_map,,TG145,low,9890.748335,maybe,,,,,,
20230630,11,20230630_011,E:\in-vivo_patch\20230630/20230630_011_.tdms,Log sFM,no,20230320,1.6,3,Ic_map,exclude,TG145,,,,,,,,,
20230630,12,20230630_012,E:\in-vivo_patch\20230630/20230630_012_.tdms,Pure Tones,no,20230320,1.6,3,Ic_map,exclude,TG145,,,,,,,,,
20230630,13,20230630_013,E:\in-vivo_patch\20230630/20230630_013_.tdms,Pure Tones,no,20230320,1.6,3,Ic_map,,TG146,low,21611.49497,yes,,,,,yes,
20230630,14,20230630_014,E:\in-vivo_patch\20230630/20230630_014_.tdms,Log sFM,no,20230320,1.6,3,Ic_map,,TG146,low,21611.49497,,20230630_013,,,,,
20230630,15,20230630_015,E:\in-vivo_patch\20230630/20230630_015_.tdms,Log sFM,no,20230320,1.6,3,Ic_map,,TG146,low,21611.49497,,20230630_013,,,,yes,
20231006,1,20231006_001,E:\in-vivo_patch\20231006/20231006_001_.tdms,Pure Tones,no,20230907,1.6,3,Ic_map,,TP035,low,9828.703179,no,,check tuning,,exclude,,
20231006,2,20231006_002,E:\in-vivo_patch\20231006/20231006_002_.tdms,Log sFM,no,20230907,1.6,3,Ic_map,,TP035,low,9828.703179,no,20231006_001,,,exclude,,
20231008,1,20231008_001,E:\in-vivo_patch\20231008/20231008_001_.tdms,Pure Tones,no,20230907,1.6,3,Ic_map,,TP032,up,14998.33068,yes,,,,,yes,
20231008,2,20231008_002,E:\in-vivo_patch\20231008/20231008_002_.tdms,Log sFM,no,20230907,1.6,3,Ic_map,,TP032,up,14998.33068,yes,20231008_001,,,,yes,
20231008,3,20231008_003,E:\in-vivo_patch\20231008/20231008_003_.tdms,Pure Tones,no,20230907,1.6,3,Ic_map,,TP032,up,18810.79505,yes,,,,,yes,
20231008,4,20231008_004,E:\in-vivo_patch\20231008/20231008_004_.tdms,Log sFM,no,20230907,1.6,3,Ic_map,,TP032,up,18810.79505,,20231008_003,,,,yes,
20231008,5,20231008_005,E:\in-vivo_patch\20231008/20231008_005_.tdms,Log sFM,no,20230907,1.6,3,Ic_map,,TP032,up,23158.52904,,20231008_006,,,,,
20231008,6,20231008_006,E:\in-vivo_patch\20231008/20231008_006_.tdms,Pure Tones,no,20230907,1.6,3,Ic_map,,TP032,up,23158.52904,yes,,,,,,
20231012,1,20231012_001,E:\in-vivo_patch\20231012/20231012_001_.tdms,Pure Tones,no,20230907,1.6,3,Ic_map,,TP026,low,13556.61748,yes,,,,,yes,
20231012,2,20231012_002,E:\in-vivo_patch\20231012/20231012_002_.tdms,Log sFM,no,20230907,1.6,3,Ic_map,,TP026,low,13556.61748,,20231012_001,,,,yes,
20231019,1,20231019_001,E:\in-vivo_patch\20231019/20231019_001_.tdms,Pure Tones,no,20230907,1.6,3,Ic_map,exclude,unknown,,,,,,,,,
20231019,2,20231019_002,E:\in-vivo_patch\20231019/20231019_002_.tdms,Log sFM,no,20230907,1.6,3,Ic_map,exclude,unknown,,,,,,,,,
20231026,1,20231026_001,E:\in-vivo_patch\20231026/20231026_001_.tdms,Pure Tones,no,20230907,1.6,3,Ic_map,,TP057,up,37902.84799,yes,,,,,yes,
20231026,2,20231026_002,E:\in-vivo_patch\20231026/20231026_002_.tdms,Log sFM,no,20230907,1.6,3,Ic_map,,TP057,up,37902.84799,yes,20231026_001,,,,yes,
20231027,1,20231027_001,E:\in-vivo_patch\20231027/20231027_001_.tdms,Log sFM,no,20230907,1.6,3,Ic_map,,TP057,up,9016.746102,yes,20231027_002,,,,,
20231027,2,20231027_002,E:\in-vivo_patch\20231027/20231027_002_.tdms,Pure Tones,no,20230907,1.6,3,Ic_map,,TP057,up,9016.746102,yes,,check tuning,,,,
20231110,1,20231110_001,E:\in-vivo_patch\20231110/20231110_001_.tdms,Log sFM,no,20230907,1.6,3,Ic_map,exclude,TP064,low,,no,,,,,,
20231121,1,20231121_001,E:\in-vivo_patch\20231121/20231121_001_.tdms,Pure Tones,no,20230907,1.6,3,Ic_map,exclude,TP064,low,4578.418161,yes,,,,,,
20231121,2,20231121_002,E:\in-vivo_patch\20231121/20231121_002_.tdms,Log sFM,no,20230907,1.6,3,Ic_map,,TP064,low,4578.418161,,20231121_001,,,,yes,
20231121,3,20231121_003,E:\in-vivo_patch\20231121/20231121_003_.tdms,Log sFM,no,20230907,1.6,3,Ic_map,,TP064,low,4567.457758,,20231121_004,,,,,
20231121,4,20231121_004,E:\in-vivo_patch\20231121/20231121_004_.tdms,Pure Tones,no,20230907,1.6,3,Ic_map,,TP064,low,4567.457758,yes,,,,,yes,
20231121,5,20231121_005,E:\in-vivo_patch\20231121/20231121_005_.tdms,Log sFM,no,20230907,1.6,3,Ic_map,,TP064,low,3356.122349,,20231121_006,,,,yes,
20231121,6,20231121_006,E:\in-vivo_patch\20231121/20231121_006_.tdms,Pure Tones,no,20230907,1.6,3,Ic_map,,TP064,low,3356.122349,yes,,,,,yes,
20231121,7,20231121_007,E:\in-vivo_patch\20231121/20231121_007_.tdms,Log sFM,no,20230907,1.6,3,Ic_map,,TP064,up,14677.33807,,20231121_008,,,,,
20231121,8,20231121_008,E:\in-vivo_patch\20231121/20231121_008_.tdms,Pure Tones,no,20230907,1.6,3,Ic_map,,TP064,up,14677.33807,yes,,,,,,
20231128,1,20231128_001,E:\in-vivo_patch\20231128/20231128_001_.tdms,Pure Tones,no,20230907,1.6,3,Ic_map,exclude,TP087,,,,,,,,,
20231128,2,20231128_002,E:\in-vivo_patch\20231128/20231128_002_.tdms,Pure Tones,no,20230907,1.6,3,Ic_map,,TP087,low,7523.140739,maybe,,check tuning,,,,
20231128,3,20231128_003,E:\in-vivo_patch\20231128/20231128_003_.tdms,Log sFM,no,20230907,1.6,3,Ic_map,exclude,TP087,low,7523.140739,no,,,,,,
20231128,4,20231128_004,E:\in-vivo_patch\20231128/20231128_004_.tdms,Log sFM,no,20230907,1.6,3,Ic_map,,TP087,low,7523.140739,yes,20231128_002,,,,,
20231128,5,20231128_005,E:\in-vivo_patch\20231128/20231128_005_.tdms,Pure Tones,no,20230907,1.6,3,Ic_map,exclude,TP087,low,10089.65104,no,,,,,,
20231128,6,20231128_006,E:\in-vivo_patch\20231128/20231128_006_.tdms,Pure Tones,no,20230907,1.6,3,Ic_map,,TP087,low,8874.123151,yes,,check tuning,,exclude,,
20231128,7,20231128_007,E:\in-vivo_patch\20231128/20231128_007_.tdms,Log sFM,no,20230907,1.6,3,Ic_map,,TP087,low,8874.123151,yes,20231128_006,,,exclude,,
20231128,8,20231128_008,E:\in-vivo_patch\20231128/20231128_008_.tdms,Pure Tones,no,20230907,1.6,3,Ic_map,,TP087,low,5714.906063,yes,,,,,,
20231128,9,20231128_009,E:\in-vivo_patch\20231128/20231128_009_.tdms,Log sFM,no,20230907,1.6,3,Ic_map,,TP087,low,5714.906063,,20231128_008,,,,,
20231128,10,20231128_010,E:\in-vivo_patch\20231128/20231128_010_.tdms,Log sFM,no,20230907,1.6,3,Ic_map,,TP087,low,5714.906063,,20231128_008,,,,yes,
20231128,11,20231128_011,E:\in-vivo_patch\20231128/20231128_011_.tdms,Pure Tones,no,20230907,1.6,3,Ic_map,,TP087,low,7038.747464,yes,,,,,yes,
20231128,12,20231128_012,E:\in-vivo_patch\20231128/20231128_012_.tdms,Log sFM,no,20230907,1.6,3,Ic_map,,TP087,low,7038.747464,,20231128_011,,,,,
20231129,1,20231129_001,E:\in-vivo_patch\20231129/20231129_001_.tdms,Pure Tones,no,20230907,1.6,3,Ic_map,exclude,TP087,,,,,,,,,
20231201,1,20231201_001,E:\in-vivo_patch\20231201/20231201_001_.tdms,Pure Tones,no,20230907,1.6,3,Ic_map,,TP096,low,13870.34252,yes,,,,,yes,
20231201,2,20231201_002,E:\in-vivo_patch\20231201/20231201_002_.tdms,Log sFM,no,20230907,1.6,3,Ic_map,,TP096,low,13870.34252,,20231201_001,,,,yes,
20231201,3,20231201_003,E:\in-vivo_patch\20231201/20231201_003_.tdms,Log sFM,no,20230907,1.6,3,Ic_map,,TP096,low,13870.34252,,20231201_001,,,,,
20231201,4,20231201_004,E:\in-vivo_patch\20231201/20231201_004_.tdms,Pure Tones,no,20230907,1.6,3,Ic_map,exclude,TP096,,,,,,,,,
20231201,5,20231201_005,E:\in-vivo_patch\20231201/20231201_005_.tdms,Pure Tones,no,20230907,1.6,3,Ic_map,,TP096,up,17294.41159,maybe,,,,,yes,
20231201,6,20231201_006,E:\in-vivo_patch\20231201/20231201_006_.tdms,Log sFM,no,20230907,1.6,3,Ic_map,,TP096,up,17294.41159,,20231201_005,,,,yes,
20231201,7,20231201_007,E:\in-vivo_patch\20231201/20231201_007_.tdms,Log sFM,no,20230907,1.6,3,Ic_map,,TP096,up,17294.41159,,20231201_005,,,,,
20231201,8,20231201_008,E:\in-vivo_patch\20231201/20231201_008_.tdms,Pure Tones,no,20230907,1.6,3,Ic_map,,TP096,up,20434.59304,maybe,,,,,yes,
20231201,9,20231201_009,E:\in-vivo_patch\20231201/20231201_009_.tdms,Log sFM,no,20230907,1.6,3,Ic_map,,TP096,up,20434.59304,,20231201_008,,,,yes,
20231208,1,20231208_001,E:\in-vivo_patch\20231208/20231208_001_.tdms,Pure Tones,no,20230907,1.6,3,Ic_map,exclude,TP074,,,,,,,,,
20231215,1,20231215_001,E:\in-vivo_patch\20231215/20231215_001_.tdms,Pure Tones,no,20230907,1.6,3,Ic_map,,TP109,up,18816.37336,yes,,,,,yes,
20231215,2,20231215_002,E:\in-vivo_patch\20231215/20231215_002_.tdms,Log sFM,no,20230907,1.6,3,Ic_map,,TP109,up,18816.37336,,20231215_001,,,,yes,
20231215,3,20231215_003,E:\in-vivo_patch\20231215/20231215_003_.tdms,Log sFM,no,20230907,1.6,3,Ic_map,exclude,TP109,,,,,,,,,
20231221,1,20231221_001,E:\in-vivo_patch\20231221/20231221_001_.tdms,Pure Tones,no,20230907,1.6,3,Ic_map,,TP110,low,23814.76895,no,,,,exclude,,
20231221,2,20231221_002,E:\in-vivo_patch\20231221/20231221_002_.tdms,Log sFM,no,20230907,1.6,3,Ic_map,,TP110,low,6610.686922,,20231221_003,,,,yes,
20231221,3,20231221_003,E:\in-vivo_patch\20231221/20231221_003_.tdms,Pure Tones,no,20230907,1.6,3,Ic_map,,TP110,low,6610.686922,yes,,,,,yes,
20231221,4,20231221_004,E:\in-vivo_patch\20231221/20231221_004_.tdms,Log sFM,no,20230907,1.6,3,Ic_map,,TP110,low,6610.686922,,20231221_003,,,,,
20231221,5,20231221_005,E:\in-vivo_patch\20231221/20231221_005_.tdms,Log sFM,no,20230907,1.6,3,Ic_map,,TP110,low,6942.616922,,20231221_006,,flag,exclude,,
20231221,6,20231221_006,E:\in-vivo_patch\20231221/20231221_006_.tdms,Pure Tones,no,20230907,1.6,3,Ic_map,,TP110,low,6942.616922,yes,,,,exclude,,
